S no,Place Name,Description,Location,Category,Opening Timmings,Entry fee,Best to Visit,Distance(KM),Local transportation
1,Simhachalam Temple,Historic temple with stunning architecture and hilltop views.,"Simhachalam, Visakhapatnam",Hindu Temple,"7:00 AM - 12:00 PM, 2:00 PM - 9:00 PM",Free,October to March,15 km,"Auto-rickshaws, taxis, buses"
2,INS Kursura Submarine Museum,Explore a decommissioned submarine and learn about naval history.,"Near Rama Krishna Beach, Visakhapatnam",Maritime Museum,2:00 PM - 8:30 PM (Closed on Mondays),"₹40 (Adults), ₹20 (Children)",October to March,4 km,"Auto-rickshaws, taxis, buses"
3,RK Beach,"Scenic beauty, perfect for relaxation and enjoying beachside food stalls.","Near Rama Krishna Beach, Visakhapatnam",Beach,24 hours,Free,October to March,4 km,"Auto-rickshaws, taxis, buses"
4,Kailasagiri,Hilltop park with panoramic views and various recreational activities.,"Kailasagiri Hill, Visakhapatnam",Hilltop Park,10:00 AM - 8:00 PM,"₹5 (Adults), ₹3 (Children)",October to March,8 km,"Auto-rickshaws, taxis, buses"
5,Indira Gandhi Zoological Park,"A large zoo with a variety of animals, birds, and reptiles.","Maharanipeta, Visakhapatnam",Zoo,9:00 AM - 5:00 PM (Closed on Mondays),"₹50 (Adults), ₹20 (Children)",October to March,6 km,"Auto-rickshaws, taxis, buses"
6,VUDA Park,Scenic beauty and recreational activities on the beachfront.,"Beach Road, Visakhapatnam",Recreational Park,9:00 AM - 9:00 PM,"₹15 (Adults), ₹10 (Children)",October to March,5 km,"Auto-rickshaws, taxis, buses"
7,,,,,,,October to March,,
8,Rushikonda Beach,"Known for water sports and clear waters, perfect for beach lovers.","Rushikonda, Visakhapatnam",Beach,24 hours,Free,October to March,15 km,"Auto-rickshaws, taxis, buses"
9,Visakha Museum,Explore the history and culture of Vizag with artifacts and sculptures.,"Police Barracks Road, Visakhapatnam",Historical Museum,10:00 AM - 5:00 PM (Closed on Mondays),"₹10 (Adults), ₹5 (Children)",October to March,3 km,"Auto-rickshaws, taxis, buses"
10,Dolphin's Nose,Stunning views of the coastline and a unique geological formation.,Visakhapatnam,Scenic Viewpoint / Cliff,6:00 AM - 6:00 PM,Free,October to March,8 km,"Auto-rickshaws, taxis, buses"
11,Yarada Beach,"Secluded and serene beach with golden sands, perfect for relaxation.","Yarada, Visakhapatnam",Beach,6:00 AM - 6:00 PM,Free,October to March,15 km,"Auto-rickshaws, taxis, buses"
12,Matsyadarshini Aquarium,A fun and educational experience exploring marine species.,Visakhapatnam,Aquarium,9:00 AM - 9:00 PM,Nominal fee,October to March,4 km,"Auto-rickshaws, taxis, buses"
13,Tenneti Park,Park with lush greenery and stunning views of the Bay of Bengal.,"Beach Road, Visakhapatnam",Scenic Park,6:00 AM - 8:00 PM,Free,October to March,5 km,"Auto-rickshaws, taxis, buses"
14,Victory at Sea War Memorial,"Pay tribute to soldiers of the 1971 Indo-Pak War, featuring naval artifacts.","Rama Krishna Beach, Visakhapatnam",War Memorial,6:00 AM - 6:00 PM,Free,October to March,4 km,"Auto-rickshaws, taxis, buses"
15,Kambalakonda Wildlife Sanctuary,"Sanctuary offering safaris and a chance to see wildlife like leopards, deer, and wild dogs.",Visakhapatnam,Wildlife Sanctuary,9:00 AM - 5:00 PM,Nominal fee,October to March,15 km,"Auto-rickshaws, taxis, buses"
16,Vanjangi Hills,A trekking spot offering breathtaking panoramic views of valleys and forests.,Visakhapatnam,Hill Station / Viewpoint,6:00 AM - 6:00 PM,Free,October to March,25 km,"Auto-rickshaws, taxis, buses"
17,Addaripeta Beach,A quiet and secluded beach for those seeking a peaceful experience.,"Near Bheemunipatnam, Visakhapatnam",Beach,6:00 AM - 6:00 PM,Free,October to March,25 km,"Auto-rickshaws, taxis, buses"
18,Bheemili Beach,A historic beach with ancient temples and a Dutch cemetery.,"Bheemunipatnam, Visakhapatnam",Beach,6:00 AM - 6:00 PM,Free,October to March,25 km,"Auto-rickshaws, taxis, buses"
19,Visakhapatnam Lighthouse,A lighthouse offering panoramic views of the city and coastline.,Visakhapatnam,Lighthouse / Viewpoint,10:00 AM - 5:00 PM,Nominal fee,October to March,5 km,"Auto-rickshaws, taxis, buses"
20,Tikkavanipalem Beach,"Secluded beach with golden sands and clear waters, ideal for a quiet day.",Visakhapatnam,Beach,6:00 AM - 6:00 PM,Free,October to March,25 km,"Auto-rickshaws, taxis, buses"
21,Kali Temple,Ancient temple dedicated to Goddess Kali with beautiful architecture.,Visakhapatnam,Hindu Temple,6:00 AM - 8:00 PM,Free,October to March,5 km,"Auto-rickshaws, taxis, buses"
